{
  "name": {
    "value": "Bruno",
    "timestamp": 1771259089.0075722,
    "importance": 1.0
  },
  "location": null,
  "relations": {
    "femme": {
      "value": "Prénom",
      "timestamp": 1771237063.5183334,
      "importance": 0.9
    },
    "ami": {
      "value": "Franck useur",
      "timestamp": 1771237265.4342408,
      "importance": 0.9
    },
    "relation": {
      "value": "Père",
      "timestamp": 1771253365.5601804,
      "importance": 0.9
    },
    "name": {
      "value": "Ma femme",
      "timestamp": 1771238777.821435,
      "importance": 0.9
    }
  },
  "projects": [],
  "preferences": {
    "food": {
      "value": "Sushis",
      "timestamp": 1771265939.3146026,
      "importance": 0.7
    },
    "books": {
      "value": "Livre de Stephen King",
      "timestamp": 1771265932.002144,
      "importance": 0.7
    }
  },
  "emotion_patterns": {
    "projet": {
      "content": {
        "count": 1,
        "last_seen": 1771234128.4625342
      },
      "fatigué": {
        "count": 2,
        "last_seen": 1771255121.061183
      }
    },
    "travail": {
      "curious": {
        "count": 1,
        "last_seen": 1771238175.035591
      },
      "stress": {
        "count": 1,
        "last_seen": 1771238193.434475
      }
    }
  },
  "emotional_state": {
    "value": null,
    "intensity": 0.0,
    "timestamp": 0.0
  },
  "emotion_history": [
    {
      "emotion": "FATIGUÉ",
      "intensity": 0.2900240895148809,
      "timestamp": 1771266447.989335
    },
    {
      "emotion": "FRUSTRÉ",
      "intensity": 0.799999948586039,
      "timestamp": 1771266475.202321
    },
    {
      "emotion": "FRUSTRÉ",
      "intensity": 0.7993175234957992,
      "timestamp": 1771266488.499164
    },
    {
      "emotion": "FRUSTRÉ",
      "intensity": 0.7945076723856789,
      "timestamp": 1771266569.450295
    },
    {
      "emotion": "FATIGUÉ",
      "intensity": 0.2850685759122814,
      "timestamp": 1771266716.516316
    },
    {
      "emotion": "FATIGUÉ",
      "intensity": 0.2803750444215982,
      "timestamp": 1771266975.187882
    },
    {
      "emotion": "CONTENT",
      "intensity": 0.7999999486839703,
      "timestamp": 1771266994.029317
    },
    {
      "emotion": "CONTENT",
      "intensity": 0.7989944957484986,
      "timestamp": 1771267013.624223
    }
  ]
}